quhavi.com,IA5iw3HP,quhavi,oQHz9TZK,y89ksrXyYx,http://quhavi.com/NdjdKeDwnj,D6o3b^8a5yz


I am writing this application to inform you that I am resigning from the company.
I have enjoyed my time here but Due to some Personal Reason i will not be able to continue my job
i will provide my full cooperation, serve one month of notice period and discontinue my services from Date: 31-08-2018,
Please let me know if there is anything I can do to help.
The opportunities and experiences I have had here at AlphaInfolab are irreplaceable, and I appreciate your acceptance and understanding.
Thank you again for all your help during my time within the company. I wish you all the best and
I hope to be in contact with the people of the company who helped me in polishing my skills.
I feel good that you have understood my personal problem and provided me with guidance.
